{"count": 3, "categories": [{"id": 0, "preview": {"al": "springschoolsportsmeeting2026", "name": "DSC_0007.JPG", "h": 3264, "w": 4928, "ct": 1777775561.9548612, "faces": [[238, 2471, 308, 408], [2764, 924, 277, 338], [3595, 2186, 238, 300]]}}, {"id": 1, "preview": {"al": "springschoolsportsmeeting2026", "name": "DSC_0148.JPG", "h": 3264, "w": 4928, "ct": 1777775562.6030643, "faces": [[2125, 816, 315, 392], [4088, 770, 300, 338]]}}, {"id": 2, "preview": {"al": "springschoolsportsmeeting2026", "name": "DSC_0161.JPG", "h": 3264, "w": 4928, "ct": 1777775562.6290483, "faces": [[1940, 1332, 338, 423], [2487, 1524, 346, 408]]}}]}